name,quadrant,is_new
Karate,Languages & Frameworks,false
TimescaleDB,Platforms,false
AWS Lambda,Platforms,false
Jaeger,Tools,false
Gatsby.js,Languages & Frameworks,false
Highcharts,Tools,false
Molecule,Tools,false
Octopus,Tools,false
GraphQL,Languages & Frameworks,false
Twitter Bootstrap,Languages & Frameworks,false
HoloLens,Platforms,false
Rider,Tools,false
Aeron,Languages & Frameworks,false
Android Architecture Components,Languages & Frameworks,false
fastai,Languages & Frameworks,false
Google BigQuery ML,Platforms,false
Hadoop as a service,Platforms,false
GitHub,Tools,false
Out-of-container functional testing,Techniques,false
Facets,Tools,false
Squid,Tools,false
MURAL,Tools,false
Testinfra,Tools,false
Zhong Tai,Techniques,false
Text it as a service / Rapidpro.io,Platforms,false
Node.js,Platforms,false
JavaScript as a platform,Languages & Frameworks,false
Firebase,Platforms,false
Log aggregation & indexing,Tools,false
Goss,Tools,false
Domain-scoped events,Techniques,false
Semi-supervised learning loops,Techniques,false
What-If Tool,Tools,false
ReasonML,Languages & Frameworks,false
OAuth,Platforms,false
Experience Design (XD),Techniques,false
Layered microservices architecture,Techniques,false
Bounded Buy,Techniques,false
Rust,Languages & Frameworks,false
NuGet,Tools,false
InSpec,Tools,false
ROS,Platforms,false
Locust,Tools,false
Scrum certification,Techniques,false
Axon,Languages & Frameworks,false
Google as corporate platform,Platforms,false
Prototyping with InVision and Sketch,Techniques,false
Delta Lake,Platforms,false
BERT,Techniques,false
Content Security Policies,Techniques,false
IE6 End of Life,Platforms,false
JSPatch,Languages & Frameworks,false
Lotus,Languages & Frameworks,false
Zipkin,Tools,false
Digdag,Languages & Frameworks,false
Terragrunt,Tools,false
Azure DevOps,Platforms,false
Simple performance trending,Techniques,false
Categorization & prioritization of technical debt,Techniques,false
Fission,Platforms,false
Lighthouse,Tools,false
Applying product management to internal platforms,Techniques,false
Headless Firefox,Tools,false
SnapCI,Tools,false
Web as platform,Techniques,false
OpenID Connect,Platforms,false
Lens,Tools,false
Amazon Rekognition,Tools,false
RDFa,Platforms,false
PostCSS,Languages & Frameworks,false
WCF HTTP,Tools,false
HTML 5,Languages & Frameworks,false
Logic in stored procedures,Languages & Frameworks,false
Property-based unit testing,Techniques,false
TestFlight & HockeyApp,Tools,false
Client and server rendering with same code,Techniques,false
Physical Web,Languages & Frameworks,false
Zero trust architecture (ZTA),Techniques,false
Apex,Tools,false
Nomad,Platforms,false
"Hosted IDE's",Techniques,false
gVisor,Platforms,false
Ethereum,Platforms,false
Twistlock,Tools,false
Mobile Web,Platforms,false
Ansible,Tools,false
REST-assured,Tools,false
AWS Device Farm,Platforms,false
Core Async,Languages & Frameworks,false
EMQ,Platforms,false
IPFS,Platforms,false
Velocity as productivity,Techniques,false
Hosted identity management as a service,Techniques,false
Azure Data Factory for orchestration,Tools,false
Bug bounties,Techniques,false
Rancher,Platforms,false
Ethical OS,Techniques,false
ievms,Tools,false
REST without PUT,Techniques,false
Cloudera Impala,Platforms,false
OWIN,Languages & Frameworks,false
AppCode,Tools,false
Gitpod,Tools,false
Capability modeling,Techniques,false
Appium,Tools,false
Flume,Tools,false
AWS Application Load Balancer,Platforms,false
Frank,Tools,false
DigitalOcean,Platforms,false
Rich Internet applications,Platforms,true
Archery,Tools,false
Android,Platforms,false
cfn_nag,Tools,false
Cake and Fake,Tools,false
User centered design,Techniques,true
Four key metrics,Techniques,false
R as Compute Platform,Languages & Frameworks,false
Security Chaos Engineering,Techniques,false
Overambitious API gateways,Platforms,false
Formik,Languages & Frameworks,false
Lean software development,Techniques,false
Grasp,Tools,false
Spring Boot,Languages & Frameworks,false
Phoenix Environments,Techniques,false
Service mesh,Techniques,false
Big Data envy,Techniques,false
Pre-commit downstream build checks,Techniques,false
Masterless Chef/Puppet,Techniques,false
Windows Phone 7,Platforms,false
Bridging physical and digital worlds with simple hardware,Techniques,false
troposphere,Languages & Frameworks,false
AWS Fargate,Platforms,false
CoreCLR and CoreFX,Platforms,false
Flair,Languages & Frameworks,false
Edge Side Includes for page composition,Techniques,false
Decoupling secret management from source code,Techniques,false
Moco,Tools,false
Evolutionary architecture,Techniques,false
Loki,Tools,false
Machine image pipelines,Techniques,false
APIs as a product,Techniques,false
Rook,Platforms,false
Explainability as a first-class model selection criterion,Techniques,false
Vapor,Languages & Frameworks,false
Azure Pipelines,Platforms,false
Sarama,Languages & Frameworks,false
Gor,Tools,false
PyTorch,Languages & Frameworks,false
Room,Languages & Frameworks,false
Prototype On Paper,Tools,false
Packet beat,Tools,false
Open source IaaS,Platforms,false
CoAP,Platforms,false
DialogFlow,Platforms,false
Simplest possible feature toggle,Techniques,false
Datensparsamkeit,Techniques,false
EVM beyond Ethereum,Platforms,false
Monitoring of invariants,Techniques,false
Gitlab,Tools,false
Jenkins as a deployment pipeline,Tools,false
Apache Kafka,Tools,false
Guerrilla user testing,Techniques,false
Taiko,Languages & Frameworks,false
TLA+,Languages & Frameworks,false
AngularJS and Knockout,Languages & Frameworks,false
Distroless Docker images,Techniques,false
Autonomous bubble pattern,Techniques,false
TensorFlow Lite,Languages & Frameworks,false
Angular,Languages & Frameworks,false
Build your own radar,Techniques,false
Configuration in DNS,Techniques,false
Trillian,Platforms,false
Continuous delivery for machine learning (CD4ML),Techniques,false
Low-cost robotics,Platforms,false
Snowplow Analytics & Piwik,Tools,false
MediaPipe,Languages & Frameworks,false
IndexedDB,Tools,false
Scout2,Tools,false
Superficial private cloud,Platforms,false
Multi-account cloud setup,Techniques,false
Google Dart,Languages & Frameworks,false
Pose,Languages & Frameworks,false
Jackrabbit Oak,Platforms,false
Retrofit,Languages & Frameworks,false
SAFE stack,Languages & Frameworks,false
Java language end of life,Languages & Frameworks,false
LoRaWAN,Platforms,false
Real-time business intelligence,Techniques,false
Master data management,Techniques,false
Serverless Framework,Tools,false
BFF - Backend for frontends,Techniques,false
Prettier,Tools,false
Wolfram Language,Languages & Frameworks,false
GKE,Platforms,false
Chrome OS,Platforms,true
Parcel,Tools,false
GPGPU,Platforms,false
GraphQL Inspector,Languages & Frameworks,false
JSF,Languages & Frameworks,false
Offline mobile webapps (just HTML5),Platforms,false
Handwritten CSS,Languages & Frameworks,false
TypeScript,Languages & Frameworks,false
ESB,Tools,false
NaCl,Tools,false
Hosted solutions for testing iOS,Tools,false
Frege,Languages & Frameworks,false
Language workbenches,Tools,false
Apache Pig,Tools,false
Jasmine paired with Node.js,Languages & Frameworks,false
TICK Stack,Platforms,false
Bottled Water,Tools,false
Bokeh/Vega,Tools,false
Chaos Monkey,Tools,false
Packer,Tools,false
in-toto,Tools,false
EC2 & S3,Platforms,false
Reactor,Languages & Frameworks,false
Quick,Tools,false
Event sourcing,Techniques,false
VCS with “implicit workflow”,Tools,false
SwiftUI,Languages & Frameworks,false
SPIFFE,Platforms,false
Nightwatch,Languages & Frameworks,false
Appium Test Distribution,Tools,false
Reactive Architectures,Techniques,false
HashiCorp Vault,Tools,false
Hybrid clouds,Platforms,false
Backend as a service,Platforms,false
SAFe™,Techniques,false
MariaDB,Platforms,false
Test recorders,Techniques,false
JRuby,Platforms,false
single-spa,Languages & Frameworks,false
Paged.js,Languages & Frameworks,false
Elixir,Languages & Frameworks,false
Zero-code packages,Platforms,false
eBPF,Platforms,false
jQuery Mobile,Tools,false
DevOps,Techniques,false
Snapshot testing only,Techniques,false
JAMstack,Techniques,false
Jepsen,Languages & Frameworks,false
Material UI,Languages & Frameworks,false
Xamarin,Tools,false
Traefik,Tools,false
iFrames for sandboxing,Techniques,false
Istio,Platforms,false
Dashing,Languages & Frameworks,false
Postman,Tools,false
Zepto.js,Platforms,false
Blackbox,Tools,false
wit.ai,Platforms,false
NPM for all the things,Techniques,false
NoPSD,Techniques,false
Cassandra carefully,Platforms,false
Concourse CI,Tools,false
Functional Java,Languages & Frameworks,false
Google App Engine,Platforms,false
Managing stateful systems via container orchestration,Techniques,false
CockroachDB,Platforms,false
Polly,Tools,false
KVM,Platforms,false
SwiftNIO,Languages & Frameworks,false
Event Sourcing,Techniques,false
Enterprise-wide integration test environments,Techniques,false
VR beyond gaming,Techniques,false
Cloudflare Workers,Platforms,false
Reactive Extensions across languages,Languages & Frameworks,false
OpenZeppelin,Languages & Frameworks,false
Kuma,Platforms,false
Mountebank,Tools,false
ASP,Tools,false
PlatformIO,Platforms,false
Rootless containers,Platforms,false
"Scratch, Alice, and Kodu",Languages & Frameworks,false
Puppet,Tools,false
IndiaStack,Platforms,false
TOTP Two-Factor Authentication,Platforms,false
JuMP,Languages & Frameworks,false
Java 8,Languages & Frameworks,false
Observability as code,Techniques,false
Open Policy Agent (OPA),Tools,false
Voice platforms,Platforms,false
Next-generation test tools,Tools,false
Crypto shredding,Techniques,false
Products over projects,Techniques,false
Logs as data,Techniques,false
Decoupling deployment from release,Techniques,false
Gitflow,Techniques,false
Development environments in the cloud,Techniques,false
Truffle,Languages & Frameworks,false
AnyStatus,Tools,false
Travis for OSX/iOS,Tools,false
LeakCanary,Languages & Frameworks,false
Optimal Workshop,Tools,false
Smart systems,Techniques,false
nsp,Tools,false
PSake,Tools,false
Akka,Platforms,false
Meteor.js,Platforms,false
OWASP ASVS,Techniques,false
AWS,Platforms,false
AssertJ,Languages & Frameworks,false
Om,Languages & Frameworks,false
Run cost as architecture fitness function,Techniques,false
Silverback,Tools,false
Web Components standard,Platforms,false
Micro frontends,Techniques,false
Aggregates as documents,Techniques,false
OpenTelemetry,Platforms,false
Cosmos DB,Platforms,false
Electron,Platforms,false
Consul,Tools,false
Decision driven BI,Techniques,false
HSTS,Platforms,false
TLB,Tools,false
Hamms,Tools,false
Aurelia,Languages & Frameworks,false
Visual Studio Code,Tools,false
Architectural fitness function,Techniques,false
Productionizing Jupyter Notebooks,Techniques,false
Ocelot,Tools,false
WebFlux,Languages & Frameworks,false
MicroK8s,Platforms,false
Evolutionary database,Techniques,false
Conduit,Tools,false
Client-directed query,Techniques,false
Q#,Languages & Frameworks,false
Segregated DOM plus node for JS Testing,Techniques,false
Bluetooth Mesh,Platforms,false
Service choreography,Techniques,false
Windows Phone,Platforms,false
Butterknife,Languages & Frameworks,false
MinIO,Platforms,false
CoffeeScript,Languages & Frameworks,false
PlantUML,Tools,false
Living CSS Style Guides,Techniques,false
Terraform provider GoCD,Tools,false
Apache camel,Tools,false
git-secrets,Tools,false
Incremental data warehousing,Techniques,false
Hyperapp,Languages & Frameworks,false
Partition infrastructure along team bounds,Techniques,false
Flagr,Tools,false
Accumulate-only data,Techniques,false
LocalStack,Tools,false
Atlas and BeeHive,Languages & Frameworks,false
C# 4.0,Languages & Frameworks,false
Automation of technical tests,Techniques,false
Linux containers,Platforms,false
The three Rs of security,Techniques,false
OkHttp,Languages & Frameworks,false
acs-engine,Tools,false
Anthos,Platforms,false
EventStore,Platforms,false
react-testing-library,Languages & Frameworks,false
Sonar,Tools,false
Deequ,Languages & Frameworks,false
Mapbox,Platforms,false
Rake for Java & .NET,Tools,false
iPhone,Platforms,false
asdf-vm,Tools,false
Health check pages,Techniques,false
Redux,Languages & Frameworks,false
Fastly,Platforms,false
WebRTC,Languages & Frameworks,false
Singleton infrastructure,Platforms,false
JavaScript tooling,Tools,false
Couchbase,Platforms,false
api.ai,Platforms,false
Knet.jl,Languages & Frameworks,false
Spring Cloud,Languages & Frameworks,false
RDF triple stores,Tools,false
Crazy Egg,Tools,false
Sizzy,Tools,false
Wallaby.js,Tools,false
Manual infrastructure management,Techniques,false
Glitch,Platforms,false
Pitest,Tools,false
Structured logging,Techniques,false
Django REST,Languages & Frameworks,false
Testcontainers,Languages & Frameworks,false
Docker Toolbox,Tools,false
Keras,Languages & Frameworks,false
DeepLearning.scala,Languages & Frameworks,false
Single threaded servers with asynchronous I/O,Platforms,false
Social code analysis,Techniques,false
Rapidoid,Languages & Frameworks,false
Docker Notary,Tools,false
kops,Tools,false
Tango,Platforms,false
Robolectric,Languages & Frameworks,false
Generated infrastructure diagrams,Techniques,false
Acceptance test of journeys,Techniques,false
Vert.x,Platforms,false
Federated learning,Techniques,false
Big enterprise solutions,Platforms,false
Communication between those responsible for hardware and software,Platforms,false
React Styleguidist,Tools,false
Recharts,Languages & Frameworks,false
Carthage,Tools,false
Declarative provisioning,Techniques,false
Care about languages,Languages & Frameworks,false
SDN,Platforms,false
Treating VMs like physical infrastructure,Platforms,false
Packetbeat,Tools,false
Gitrob,Tools,false
Crux,Platforms,false
Terraform,Tools,false
Security sandwich,Techniques,false
Dependabot,Tools,false
OWASP Dependency-Check,Tools,false
ReactiveX,Languages & Frameworks,false
AWS ECS,Platforms,false
Anka,Platforms,false
Cross mobile platforms,Tools,false
Apache Beam,Languages & Frameworks,false
OpenTracing,Platforms,false
Ignoring OWASP Top 10,Techniques,false
ReSwift,Languages & Frameworks,false
Azure Stack,Platforms,false
HTML5 storage instead of cookies,Techniques,false
Cloud-init,Tools,false
Large format mobile devices,Platforms,false
Datomic,Platforms,false
MockK,Languages & Frameworks,false
Polycloud,Techniques,false
Pace-layered Application Strategy,Techniques,false
OpenAPM,Tools,false
Hangfire,Languages & Frameworks,false
Programming in your CI/CD tool,Techniques,false
Mobile testing on mobile networks,Techniques,false
Foreman,Tools,false
.NET Core,Platforms,false
Kotlin,Languages & Frameworks,false
Trivy,Tools,false
Bitrise,Tools,false
U2F,Platforms,false
Espruino,Platforms,false
Logic-free markup,Tools,false
Puppet-librarian and Chef-librarian,Tools,false
Cypress,Tools,false
Message buses without smarts,Tools,false
Cloud Foundry,Platforms,false
Tailored Service Template,Techniques,false
Hyperledger,Platforms,false
Mobile payment systems,Platforms,false
PredictionIO,Languages & Frameworks,false
Java portal servers,Platforms,false
TFS,Tools,false
Load Impact,Tools,false
Risk-commensurate vendor strategy,Techniques,false
RDF & SPARQL,Platforms,true
Apache Flink,Platforms,false
Gatling,Tools,false
Kafka Streams,Platforms,false
Infrastructure configuration scanner,Techniques,false
Flyway,Tools,false
Serverspec,Tools,false
Conversationally aware APIs,Techniques,false
Private Clouds,Platforms,false
UI dev environments,Tools,false
Apache Superset,Tools,false
Care about hardware,Platforms,false
Spacemacs,Tools,false
Nashorn,Languages & Frameworks,false
Keycloak,Platforms,false
Tablet (formerly iPad),Platforms,false
Anemic REST,Techniques,false
Cloud lift and shift,Techniques,false
Lottie,Tools,false
ECMAScript 2017,Languages & Frameworks,false
Boot2docker,Tools,false
Threat Modeling,Techniques,false
DevOps as a team,Techniques,false
Iterative data warehousing,Techniques,false
CartoDB,Tools,false
RIBs,Languages & Frameworks,false
Fairseq,Languages & Frameworks,false
Oculus Quest,Platforms,false
Arrow,Languages & Frameworks,false
Web Bluetooth,Platforms,false
CSS frameworks,Languages & Frameworks,false
Domain-specific PaaS,Platforms,false
Falco,Tools,false
Focus on mean time to recovery,Techniques,false
Low-code platforms,Platforms,false
Pointer Events,Languages & Frameworks,false
GoCD,Tools,false
MMKV,Languages & Frameworks,false
Origami,Tools,false
Secrets as a service,Techniques,false
NestJS,Languages & Frameworks,false
Provisioning testing,Techniques,false
Spark,Tools,false
ECharts,Languages & Frameworks,false
Static site generators,Techniques,false
GemJars,Tools,false
Repsheet,Tools,false
Zucchini,Tools,false
Faraday,Tools,false
Apache Kylin,Platforms,false
Web API,Languages & Frameworks,false
Go language,Languages & Frameworks,false
Quarkus,Languages & Frameworks,false
Play Framework 2,Languages & Frameworks,false
High performance envy/web scale envy,Techniques,false
Polyglot Persistence,Techniques,false
Automated machine learning (AutoML),Techniques,false
Use remote-native processes and approaches,Techniques,false
Lambda pinball,Techniques,false
Database migrations for NoSQL,Techniques,false
Nancy,Languages & Frameworks,false
Ant,Tools,false
Nuance Mix,Platforms,false
Heroku,Platforms,false
Scala,Languages & Frameworks,false
jest-when,Languages & Frameworks,false
GCP Pub/Sub,Platforms,false
FPM,Tools,false
Future of Java,Languages & Frameworks,false
Styled components,Languages & Frameworks,false
Traveling Ruby,Languages & Frameworks,false
Versioning data for reproducible analytics,Techniques,false
WireMock,Tools,false
Netflix OSS Full stack,Platforms,false
Contentful,Platforms,false
Cilium,Tools,false
Caching reverse proxies,Tools,false
PowerShell,Tools,false
CSS-in-JS,Languages & Frameworks,false
New Relic beyond Rails,Tools,false
dbt,Tools,false
React Native,Languages & Frameworks,false
AppHarbor,Platforms,false
"SASS, SCSS, LESS, and Stylus",Languages & Frameworks,false
Semantic monitoring,Techniques,false
BEM,Techniques,false
Windows infrastructure automation,Techniques,false
Jest,Languages & Frameworks,false
Require.js & NPM,Languages & Frameworks,false
Responsive web design,Techniques,false
Pa11y,Tools,false
CircleCI,Tools,false
Druid,Languages & Frameworks,false
Flux,Techniques,false
Tarantool,Platforms,false
JavaScript as a first class language,Languages & Frameworks,false
Stratos,Platforms,false
Consumer-driven contract testing,Techniques,false
Thoughtful caching,Techniques,false
In-process acceptance testing,Techniques,false
Pulumi,Platforms,false
Chaos Toolkit,Languages & Frameworks,false
Powershell,Tools,false
Recreating ESB antipatterns with Kafka,Techniques,false
Testing using real device,Techniques,false
Pageify,Tools,false
Redis,Platforms,false
Decentralized identity,Techniques,false
BackstopJS,Tools,false
Mermaid,Tools,false
Gorilla REPL,Tools,false
RIA,Platforms,false
HTML 5 for offline applications,Languages & Frameworks,false
Event API’s,Techniques,false
Android-x86,Tools,false
Koin,Languages & Frameworks,false
Opinionated and automated code formatting,Techniques,false
Apache Atlas,Platforms,false
Galen,Tools,false
tmate,Tools,false
AsyncAPI,Tools,false
iBeacon,Platforms,false
AVA,Tools,false
Lightweight Architecture Decision Records,Techniques,false
TensorFlow Serving,Platforms,false
MeiliSearch,Platforms,false
Claudia,Tools,false
Matomo,Platforms,false
Infrastructure automation of development workstations,Techniques,false
Automated deployment pipeline,Techniques,false
Yocto Project,Tools,false
Application Servers,Platforms,false
Legacy in a box,Techniques,false
Hadoop 2.0,Platforms,false
Heptio Ark,Tools,false
OpenAM,Platforms,false
JavaScript MV* frameworks,Languages & Frameworks,false
Composer,Tools,false
Unity beyond gaming,Platforms,false
Test at the appropriate level,Techniques,false
Long-lived branches with Gitflow,Techniques,false
HTML5 for offline applications,Languages & Frameworks,false
OpenStack,Platforms,false
Node overload,Platforms,false
Azure Service Fabric,Platforms,false
Append-only data store,Techniques,false
AWSume,Tools,false
OpenSocial,Platforms,false
Continuous integration in the cloud,Platforms,false
Phrase,Tools,false
Dojo,Tools,false
Grunt.js,Tools,false
Apache Pulsar,Platforms,false
Pragmatic remote pairing,Techniques,false
WebVR,Platforms,false
Clinic.js Bubbleprof,Languages & Frameworks,false
Groovy,Languages & Frameworks,false
ONNX,Platforms,false
WebAssembly,Languages & Frameworks,false
Apollo,Languages & Frameworks,false
Pipelines as code,Techniques,false
CSS Grid Layout,Languages & Frameworks,false
HAL,Languages & Frameworks,false
Papertrail,Tools,false
Application appliances,Platforms,false
Airflow,Tools,false
Time series databases,Platforms,false
Ethical bias testing,Techniques,false
Flight.js,Languages & Frameworks,false
GenyMotion,Tools,false
Kong API Gateway,Tools,false
TensorFlow Mobile,Languages & Frameworks,false
Dropwizard,Languages & Frameworks,false
RPA,Techniques,false
Language Server Protocol,Platforms,false
Hyperledger Composer,Languages & Frameworks,false
RAML,Tools,false
Offline first web applications,Techniques,false
Prophet,Platforms,false
CoreOS,Platforms,false
Event streaming as the source of truth,Techniques,false
Marquez,Platforms,false
Vumi,Platforms,false
Security Monkey,Tools,false
Mesosphere DCOS,Platforms,false
Continuous deployment,Techniques,false
FBSnapshotTestcase,Tools,false
Presto,Platforms,false
Request-response events in user-facing workflows,Techniques,false
Visual Studio Live Share,Tools,false
Mechanical sympathy,Techniques,false
Gauge,Tools,false
Ruby/Jruby,Languages & Frameworks,false
Auth0,Platforms,false
Jib,Tools,false
Cylon.js,Languages & Frameworks,false
Tensorflow Eager Execution,Languages & Frameworks,false
Protractor for AngularJS,Tools,false
Swift,Languages & Frameworks,false
D3,Tools,false
Neo4J,Platforms,false
vFabric,Platforms,false
Data mesh,Techniques,false
Windows Containers,Platforms,false
Kubeflow,Tools,false
Progressive Web Applications,Techniques,false
Intentional Software,Tools,false
Google Wave,Tools,true
Log aggregation for business analytics,Techniques,false
Spark Photon/Spark Electron,Platforms,false
Browser-based templating,Tools,false
Git,Tools,false
Long lived branches with Gitflow,Techniques,false
Declarative data pipeline definition,Techniques,false
Server / application container end-of-life,Techniques,false
Require.js,Languages & Frameworks,false
Performance testing as a first-class citizen,Techniques,false
Domain-Specific Languages,Languages & Frameworks,false
ERNIE,Languages & Frameworks,false
Release train,Techniques,false
Client-side MVC,Tools,false
kube-bench,Tools,false
JVM as platform,Platforms,false
Algorithmic IT operations,Techniques,false
Tailwind CSS,Languages & Frameworks,false
Storm,Platforms,false
GraphQL for server side resource aggregation,Techniques,false
Templating in YAML,Techniques,false
CloudEvents,Platforms,false
Event Storming,Techniques,false
Julia,Languages & Frameworks,false
Tendermint,Platforms,false
Docker,Platforms,false
Pumba,Tools,false
Build pipelines,Techniques,false
Co-location by telepresence,Techniques,false
Hosting PII data in the EU,Techniques,false
Fetch,Languages & Frameworks,false
Spec-based codegen,Techniques,false
Immutable servers,Tools,false
Git based CMS/Git for non-code,Techniques,false
Stolon,Tools,false
Elasticsearch LTR,Tools,false
Amazon API Gateway,Platforms,false
WeChat,Platforms,false
Taurus,Tools,false
Jupyter for automated testing,Techniques,false
Ruby,Languages & Frameworks,false
Apache Mesos,Platforms,false
Debezium,Platforms,false
Splunk,Tools,false
Crowdin,Platforms,false
Deflect,Platforms,false
Yeoman,Languages & Frameworks,false
Realm,Platforms,false
Minimizing application configuration,Techniques,false
Clojure,Languages & Frameworks,false
Laconia,Languages & Frameworks,false
Mercurial,Tools,false
jsoniter,Tools,false
GraphQL for server-side resource aggregation,Techniques,false
Maven,Tools,false
JupyterLab,Platforms,false
Testing as a separate organization,Techniques,false
Capturing client-side JavaScript errors,Techniques,false
Ubiquitous computing,Platforms,false
GraalVM,Platforms,false
Immutable.js,Languages & Frameworks,false
Blue-green deployment,Techniques,false
CMS as a platform,Platforms,false
Reagent,Languages & Frameworks,false
Selenium 2 testing of mobile websites,Tools,false
Graphite,Tools,false
"Let's Encrypt",Tools,false
Apollo Auto,Platforms,false
Dapper,Languages & Frameworks,false
Deis,Platforms,false
Event driven business intelligence,Techniques,false
Riemann,Tools,false
GitUp,Tools,false
Clojure.spec,Tools,false
Wardley mapping,Techniques,false
ECMAScript 6,Languages & Frameworks,false
"Scala, the good parts",Languages & Frameworks,false
HyperResource,Languages & Frameworks,false
Sentry,Tools,false
RubyMotion,Languages & Frameworks,false
CVXPY,Tools,false
Jupyter,Tools,false
Stanford CoreNLP,Tools,false
mkcert,Tools,false
React.js,Languages & Frameworks,false
Argo CD,Platforms,false
ESP8266,Platforms,false
Systems,Tools,false
Platform roadmaps,Techniques,false
iPad,Platforms,false
Ember.js,Languages & Frameworks,false
CI theatre,Techniques,false
Chaos Engineering,Techniques,false
Cross-platform mobile toolkits,Tools,false
10x engineers,Techniques,false
Mobile first,Techniques,false
Micronaut,Languages & Frameworks,false
Buildkite,Tools,false
Humio,Tools,false
Netlify,Platforms,false
Reactive Extensions for .Net,Tools,false
assertj-swagger,Tools,false
CSS Modules,Languages & Frameworks,false
ConfigCat,Tools,false
Teleport,Platforms,false
SPDY,Platforms,false
Sandstorm,Platforms,false
JSONassert,Tools,false
MemGuard,Tools,false
tfsec,Tools,false
Manifold,Tools,false
Distributed version control,Tools,false
Q & Bluebird,Languages & Frameworks,false
batect,Tools,false
joi,Languages & Frameworks,false
UIAutomator,Tools,false
ARM Server SoC,Platforms,false
AWS Cloud Development Kit,Platforms,false
Light Table,Tools,false
Logstash & Graylog2,Tools,false
NoSQL,Tools,false
Rackspace Cloud,Platforms,false
Elm,Languages & Frameworks,false
Grafeas,Tools,false
Humane registry,Techniques,false
DVC,Tools,false
Snowflake,Platforms,false
Handcranking of Hadoop clusters using config management tools,Techniques,false
Exposed,Languages & Frameworks,false
Microsoft Nano Server,Platforms,false
Shared VPC,Platforms,false
Three.js,Languages & Frameworks,false
Front-end integration via artifact,Techniques,false
Procedure oriented integration,Techniques,false
Firefox,Platforms,true
Analyzing test runs,Techniques,false
Godot,Platforms,false
Solidity,Languages & Frameworks,false
ScoutSuite,Tools,false
Detekt,Tools,false
Deltacloud,Tools,false
Hive,Languages & Frameworks,false
Google Cloud Dataflow,Platforms,false
Gobot,Languages & Frameworks,false
Idempotency filter,Techniques,false
Sinatra,Languages & Frameworks,false
Snowplow Analytics,Tools,false
ZAP,Tools,false
Calatrava,Platforms,false
Cage,Tools,false
Ceph,Platforms,false
Roslyn,Tools,false
Transfer learning for NLP,Techniques,false
Data integrity at the origin,Techniques,false
Functional languages,Languages & Frameworks,true
Promises for asynchronous programming,Techniques,false
PostgreSQL for NoSQL,Platforms,false
Heavyweight test tools,Tools,false
Hydra,Platforms,false
ClojureScript,Languages & Frameworks,false
Container security scanning,Techniques,false
Docker for builds,Techniques,false
spaCy,Tools,false
GWT,Platforms,false
Citrix for development,Tools,false
Visualizations for business data,Tools,false
kind,Tools,false
Code in configuration,Tools,false
Data Lake,Techniques,false
Avro,Languages & Frameworks,false
Mongoose OS,Platforms,false
Gradle,Tools,false
Phoenix,Languages & Frameworks,false
Prometheus,Tools,false
Kubernetes,Platforms,false
Google Cloud Platform,Platforms,false
SysDig,Tools,false
Weex,Languages & Frameworks,false
Continuous delivery for mobile devices,Techniques,false
Lua,Languages & Frameworks,false
Spray/akka-http,Languages & Frameworks,false
Codefresh,Tools,false
Enterprise Data Warehouse,Platforms,false
XState,Languages & Frameworks,false
Differential privacy,Techniques,false
Ktor,Languages & Frameworks,false
Sidecars for endpoint security,Techniques,false
Data discoverability,Techniques,false
Camunda,Languages & Frameworks,false
Open source BI/ETL tools,Tools,false
Snowpack,Tools,false
"TDD'ing containers",Techniques,false
Deno,Platforms,false
AngularJS,Languages & Frameworks,false
Patroni,Tools,false
Remote usability testing,Techniques,false
GitLab,Tools,false
QA in production,Techniques,false
FoundationDB,Platforms,false
Incremental delivery with COTS,Techniques,false
Riak,Platforms,false
Pivotal Cloud Foundry,Platforms,false
Particle Photon/Particle Electron,Platforms,false
WS-*,Platforms,false
Polly.js,Languages & Frameworks,false
Micro frontends for mobile,Techniques,false
Binary attestation,Techniques,false
Backbone.js,Languages & Frameworks,false
Embark,Languages & Frameworks,false
Local storage sync,Techniques,false
Rasa,Languages & Frameworks,false
JavaScript micro frameworks,Tools,false
Rich Internet Applications,Platforms,false
Swashbuckle for .NET Core,Tools,false
Quick and Nimble,Languages & Frameworks,false
MongoDB,Platforms,false
App containers,Platforms,false
HiveRunner,Languages & Frameworks,false
Chrome,Platforms,true
gopass,Tools,false
Cloud,Platforms,false
Mosquitto,Platforms,false
Inverse Conway Maneuver,Techniques,false
Restfulie,Tools,false
PhoneGap/Apache Cordova,Platforms,false
Capture domain events explicitly,Techniques,false
Angular 2,Languages & Frameworks,false
ArchUnit,Tools,false
Dagger,Languages & Frameworks,false
Flutter,Languages & Frameworks,false
Serverless architecture,Techniques,false
PhantomJS,Tools,false
LambdaCD,Tools,false
H2O,Platforms,false
Librarian-puppet and Librarian-Chef,Tools,false
Haskell Hadoop library,Languages & Frameworks,false
Chaos Katas,Techniques,false
Cursive,Tools,false
Puncturing encapsulation with change data capture,Techniques,false
Alamofire,Languages & Frameworks,false
Log level per request,Techniques,false
Pinpoint,Tools,false
Pester,Languages & Frameworks,false
Generic cloud usage,Techniques,false
axios,Tools,false
BeyondCorp,Techniques,false
Puppeteer,Languages & Frameworks,false
MapD,Platforms,false
Icon fonts,Tools,false
ESLint,Tools,false
Skaffold,Tools,false
Spek,Languages & Frameworks,false
Dc.js,Tools,false
Embedded mobile mocks,Techniques,false
Buying solutions you can only afford one of,Platforms,false
Quorum,Platforms,false
Figma,Tools,false
OSGi,Platforms,false
Gremlin,Tools,false
Vue.js,Languages & Frameworks,false
Visualization and metrics,Techniques,false
SMS and USSD as a UI,Platforms,false
Ionic Framework,Languages & Frameworks,false
Helm,Tools,false
HAML,Languages & Frameworks,false
Dask,Languages & Frameworks,false
Enlive,Languages & Frameworks,false
Interledger,Platforms,false
Advanced analytics,Techniques,false
Nameko,Languages & Frameworks,false
KotlinTest,Languages & Frameworks,false
Cloud-based image comprehension,Platforms,false
Siloed metrics,Techniques,false
Automate database deployment,Techniques,false
Polyglot development environments,Tools,true
Terratest,Tools,false
DataStax Enterprise Graph,Platforms,false
Scikit-learn,Tools,false
Tamer,Languages & Frameworks,false
Progressive Enhancement,Techniques,false
Elastic Search,Platforms,false
Corda,Platforms,false
Perimeterless enterprise,Techniques,false
Feature branching,Techniques,false
Next.js,Languages & Frameworks,false
MemSQL,Platforms,false
Resilience4j,Languages & Frameworks,false
Legacy migration feature parity,Techniques,false
http4k,Languages & Frameworks,false
SignalR,Languages & Frameworks,false
Gloo,Tools,false
Github,Tools,false
Caffe,Languages & Frameworks,false
Forward Secrecy,Techniques,false
Rendertron,Tools,false
TensorFlow,Languages & Frameworks,false
Front end instrumentation,Techniques,false
React Testing Library,Languages & Frameworks,false
Preflight builds,Techniques,false
Clara rules,Languages & Frameworks,false
Cloud Spanner,Platforms,false
Ethereum for decentralized applications,Techniques,false
SaaS performance testing tools,Tools,false
Privacy-preserving record linkage (PPRL) using Bloom filter,Techniques,false
BigQuery,Platforms,false
OpenVR,Platforms,false
Browsersync,Tools,false
Kubernetes Operators,Tools,false
Coding architects,Techniques,false
Subversion,Tools,false
WS-* beyond basic profile,Platforms,false
Continuous Delivery (CD),Techniques,false
Infrastructure as code,Techniques,false
Design systems,Techniques,false
A single CI instance for all teams,Techniques,false
Component-based frameworks,Languages & Frameworks,false
Security policy as code,Techniques,false
Mobile web,Platforms,false
Handwritten CloudFormation,Tools,false
Sonobuoy,Tools,false
Wire,Languages & Frameworks,false
TestCafe,Tools,false
Spring Cloud Contract,Tools,false
Sensu,Tools,false
F#,Languages & Frameworks,false
Database based integration,Techniques,false
Concurrency abstractions and patterns,Techniques,false
Vagrant,Tools,false
Grafana,Tools,false
Facebook as business platform,Platforms,false
Blockchain beyond bitcoin,Techniques,false
DesignOps,Techniques,false
Microservices,Techniques,false
Pipelines for infrastructure as code,Techniques,false
IE8,Platforms,false
fastlane,Tools,false
Exhaustive browser-based testing,Techniques,false
Location based services,Platforms,false
Instana,Languages & Frameworks,false
API management services,Tools,false
Concurrent languages,Languages & Frameworks,true
Swagger,Tools,false
Reactive architectures,Techniques,false
Polyglot programming,Techniques,false
Canary builds,Techniques,false
Tablet,Platforms,false
Calabash,Tools,false
Smart Systems,Techniques,false
Data visualizations of development and operations,Techniques,false
Hystrix,Tools,false
Apache Spark,Platforms,false
Collaborative analytics and data science,Techniques,false
Platform engineering product teams,Techniques,false
Enterprise Data Lake,Techniques,false
Single command deploy,Techniques,false
Deployment and scripting test tools,Techniques,false
Brighter,Tools,false
leaflet.js,Tools,false
Agile analytics,Techniques,false
Yarn,Tools,false
Instrument all the things,Techniques,false
Knative,Platforms,false
Production immune system,Techniques,false
Cosmos,Platforms,false
Hot Chocolate,Platforms,false
Django Rest,Languages & Frameworks,false
ES6,Languages & Frameworks,false
React Hooks,Languages & Frameworks,false
Hipster batch,Techniques,false
Separate DevOps team,Techniques,false
1% canary,Techniques,false
Machine image as a build artifact,Techniques,false
Non-relational databases,Platforms,true
InfluxDB,Platforms,false
Linux security modules,Platforms,false
Headless Chrome for front-end test,Tools,false
Dependency Structure Matrices,Tools,false
k9s,Tools,false
Tangible interaction,Techniques,false
Pact & Pacto,Tools,false
Microservice envy,Techniques,false
Jekyll,Tools,false
Gulp,Tools,false
Python 3,Languages & Frameworks,false
Experiment tracking tools for machine learning,Tools,false
ARKit/ARCore,Languages & Frameworks,false
Embedded servlet containers,Tools,false
Visual regression testing tools,Tools,false
Linux Security Modules,Platforms,false
Dependency management for JavaScript,Tools,false
Unikernels,Techniques,false
Sleepy Puppy,Tools,false
Capture domain events explicitily,Techniques,false
Azure,Platforms,false
Resin.io,Platforms,false
Enzyme,Languages & Frameworks,false
ALT.NET,Platforms,false
Honeycomb,Tools,false
Aplas,Tools,false
Flow,Tools,false
Babel,Tools,false
Webpack,Tools,false
Dependency drift fitness function,Techniques,false
Exhaustive browser based testing,Techniques,false
Flood IO,Platforms,false
Over-ambitious API Gateways,Platforms,false
Jade,Tools,false
Work-in-Progress limits,Techniques,false
Smart contracts,Techniques,false
Spinnaker,Tools,false
Data-hungry packages,Platforms,false
Espresso,Tools,false
Snyk,Tools,false
pdfmake,Tools,false
Talisman,Tools,false
Emergent design,Techniques,false
ASP.NET MVC,Tools,false
DeepWalk,Techniques,false
Immer,Languages & Frameworks,false
Commitizen,Tools,false
ATOM,Platforms,false